<?xml version='1.0' encoding='UTF-8'?>
<?artifactRepository version='1.1.0'?>
<repository name='de.abg.jreichert.repositorytarget.updatesite' type='org.eclipse.equinox.p2.artifact.repository.simpleRepository' version='1'>
  <properties size='3'>
    <property name='p2.timestamp' value='1401554198348'/>
    <property name='p2.compressed' value='true'/>
    <property name='publishPackFilesAsSiblings' value='true'/>
  </properties>
  <mappings size='5'>
    <rule filter='(&amp; (classifier=osgi.bundle) (format=packed))' output='${repoUrl}/plugins/${id}_${version}.jar.pack.gz'/>
    <rule filter='(&amp; (classifier=osgi.bundle))' output='${repoUrl}/plugins/${id}_${version}.jar'/>
    <rule filter='(&amp; (classifier=binary))' output='${repoUrl}/binary/${id}_${version}'/>
    <rule filter='(&amp; (classifier=org.eclipse.update.feature) (format=packed))' output='${repoUrl}/features/${id}_${version}.jar.pack.gz'/>
    <rule filter='(&amp; (classifier=org.eclipse.update.feature))' output='${repoUrl}/features/${id}_${version}.jar'/>
  </mappings>
  <artifacts size='5'>
    <artifact classifier='osgi.bundle' id='de.abg.jreichert.repositorytarget.transform' version='0.1.0.201405311631'>
      <properties size='5'>
        <property name='artifact.size' value='9063'/>
        <property name='download.size' value='9063'/>
        <property name='maven-groupId' value='de.abg.jreichert.repositorytarget'/>
        <property name='maven-artifactId' value='de.abg.jreichert.repositorytarget.transform'/>
        <property name='maven-version' value='0.1.0-SNAPSHOT'/>
      </properties>
    </artifact>
    <artifact classifier='osgi.bundle' id='de.abg.jreichert.repositorytarget.dsl' version='0.1.0.201405311631'>
      <properties size='5'>
        <property name='artifact.size' value='152165'/>
        <property name='download.size' value='152165'/>
        <property name='maven-groupId' value='de.abg.jreichert.repositorytarget'/>
        <property name='maven-artifactId' value='de.abg.jreichert.repositorytarget.dsl'/>
        <property name='maven-version' value='0.1.0-SNAPSHOT'/>
      </properties>
    </artifact>
    <artifact classifier='osgi.bundle' id='de.abg.jreichert.repositorytarget.repositorytargetgenerator' version='0.1.0.201405311631'>
      <properties size='5'>
        <property name='artifact.size' value='163130'/>
        <property name='download.size' value='163130'/>
        <property name='maven-groupId' value='de.abg.jreichert.repositorytarget'/>
        <property name='maven-artifactId' value='de.abg.jreichert.repositorytarget.repositorytargetgenerator'/>
        <property name='maven-version' value='0.1.0-SNAPSHOT'/>
      </properties>
    </artifact>
    <artifact classifier='osgi.bundle' id='de.abg.jreichert.repositorytarget.dsl.ui' version='0.1.0.201405311631'>
      <properties size='5'>
        <property name='artifact.size' value='108236'/>
        <property name='download.size' value='108236'/>
        <property name='maven-groupId' value='de.abg.jreichert.repositorytarget'/>
        <property name='maven-artifactId' value='de.abg.jreichert.repositorytarget.dsl.ui'/>
        <property name='maven-version' value='0.1.0-SNAPSHOT'/>
      </properties>
    </artifact>
    <artifact classifier='org.eclipse.update.feature' id='de.abg.jreichert.repositorytarget.feature' version='0.1.0.201405311631'>
      <properties size='6'>
        <property name='artifact.size' value='13650'/>
        <property name='download.size' value='13650'/>
        <property name='maven-groupId' value='de.abg.jreichert.repositorytarget'/>
        <property name='maven-artifactId' value='de.abg.jreichert.repositorytarget.feature'/>
        <property name='maven-version' value='0.1.0-SNAPSHOT'/>
        <property name='download.contentType' value='application/zip'/>
      </properties>
    </artifact>
  </artifacts>
</repository>
